<?xml version="1.0" encoding="UTF-8"?>
<GenRun Id="synth_1" LaunchPart="xc7z010clg400-1" LaunchTime="1391640279">
  <File Type="RDS-UTIL" Name="i2s_ctrl_utilization_synth.rpt"/>
  <File Type="RDS-RDS" Name="i2s_ctrl.rds"/>
  <File Type="RUN-STRAT" Name="$PDATADIR/runs/synth_1/synth_1.psg"/>
  <File Type="RDS-UTIL-PB" Name="i2s_ctrl_utilization_synth.pb"/>
  <File Type="RDS-DCP" Name="i2s_ctrl.dcp"/>
  <File Type="VDS-TIMINGSUMMARY" Name="i2s_ctrl_timing_summary_synth.rpt"/>
  <File Type="VDS-TIMING-PB" Name="i2s_ctrl_timing_summary_synth.pb"/>
  <File Type="PA-TCL" Name="i2s_ctrl.tcl"/>
  <File Type="RUN-SRCS" Name="$PDATADIR/runs/synth_1/sources.xml"/>
  <File Type="RUN-CONSTRS" Name="$PDATADIR/runs/synth_1/constrs_in.xml"/>
  <FileSet Name="sources" Type="DesignSrcs" RelSrcDir="$PSRCDIR/sources_1">
    <Filter Type="Srcs"/>
    <File Path="$PSRCDIR/sources_1/imports/i2s_audio/family_support.vhd">
      <FileInfo>
        <Attr Name="ImportPath" Val="$PPRDIR/../../../sources/lab4/zed_audio_ctrl/zed_audio_ctrl.srcs/sources_1/imports/i2s_audio/family_support.vhd"/>
        <Attr Name="ImportTime" Val="1370342986"/>
        <Attr Name="UsedIn" Val="synthesis"/>
        <Attr Name="UsedIn" Val="simulation"/>
      </FileInfo>
    </File>
    <File Path="$PSRCDIR/sources_1/imports/i2s_audio/common_types.vhd">
      <FileInfo>
        <Attr Name="ImportPath" Val="$PPRDIR/../../../sources/lab4/zed_audio_ctrl/zed_audio_ctrl.srcs/sources_1/imports/i2s_audio/common_types.vhd"/>
        <Attr Name="ImportTime" Val="1374686638"/>
        <Attr Name="UsedIn" Val="synthesis"/>
        <Attr Name="UsedIn" Val="simulation"/>
      </FileInfo>
    </File>
    <File Path="$PSRCDIR/sources_1/imports/i2s_audio/pselect_f.vhd">
      <FileInfo>
        <Attr Name="ImportPath" Val="$PPRDIR/../../../sources/lab4/zed_audio_ctrl/zed_audio_ctrl.srcs/sources_1/imports/i2s_audio/pselect_f.vhd"/>
        <Attr Name="ImportTime" Val="1374686666"/>
        <Attr Name="UsedIn" Val="synthesis"/>
        <Attr Name="UsedIn" Val="simulation"/>
      </FileInfo>
    </File>
    <File Path="$PSRCDIR/sources_1/imports/i2s_audio/address_decoder.vhd">
      <FileInfo>
        <Attr Name="ImportPath" Val="$PPRDIR/../../../sources/lab4/zed_audio_ctrl/zed_audio_ctrl.srcs/sources_1/imports/i2s_audio/address_decoder.vhd"/>
        <Attr Name="ImportTime" Val="1374686706"/>
        <Attr Name="UsedIn" Val="synthesis"/>
        <Attr Name="UsedIn" Val="simulation"/>
      </FileInfo>
    </File>
    <File Path="$PSRCDIR/sources_1/imports/i2s_audio/slave_attachment.vhd">
      <FileInfo>
        <Attr Name="ImportPath" Val="$PPRDIR/../../../sources/lab4/zed_audio_ctrl/zed_audio_ctrl.srcs/sources_1/imports/i2s_audio/slave_attachment.vhd"/>
        <Attr Name="ImportTime" Val="1374686196"/>
        <Attr Name="UsedIn" Val="synthesis"/>
        <Attr Name="UsedIn" Val="simulation"/>
      </FileInfo>
    </File>
    <File Path="$PSRCDIR/sources_1/imports/i2s_audio/iis_ser.vhd">
      <FileInfo>
        <Attr Name="ImportPath" Val="$PPRDIR/../../../sources/lab4/zed_audio_ctrl/zed_audio_ctrl.srcs/sources_1/imports/i2s_audio/iis_ser.vhd"/>
        <Attr Name="ImportTime" Val="1344325822"/>
        <Attr Name="UsedIn" Val="synthesis"/>
        <Attr Name="UsedIn" Val="simulation"/>
      </FileInfo>
    </File>
    <File Path="$PSRCDIR/sources_1/imports/i2s_audio/iis_deser.vhd">
      <FileInfo>
        <Attr Name="ImportPath" Val="$PPRDIR/../../../sources/lab4/zed_audio_ctrl/zed_audio_ctrl.srcs/sources_1/imports/i2s_audio/iis_deser.vhd"/>
        <Attr Name="ImportTime" Val="1325917570"/>
        <Attr Name="UsedIn" Val="synthesis"/>
        <Attr Name="UsedIn" Val="simulation"/>
      </FileInfo>
    </File>
    <File Path="$PSRCDIR/sources_1/imports/i2s_audio/user_logic.vhd">
      <FileInfo>
        <Attr Name="ImportPath" Val="$PPRDIR/../../../sources/lab4/zed_audio_ctrl/zed_audio_ctrl.srcs/sources_1/imports/i2s_audio/user_logic.vhd"/>
        <Attr Name="ImportTime" Val="1374684866"/>
        <Attr Name="UsedIn" Val="synthesis"/>
        <Attr Name="UsedIn" Val="simulation"/>
      </FileInfo>
    </File>
    <File Path="$PSRCDIR/sources_1/imports/i2s_audio/axi_lite_ipif.vhd">
      <FileInfo>
        <Attr Name="ImportPath" Val="$PPRDIR/../../../sources/lab4/zed_audio_ctrl/zed_audio_ctrl.srcs/sources_1/imports/i2s_audio/axi_lite_ipif.vhd"/>
        <Attr Name="ImportTime" Val="1374686092"/>
        <Attr Name="UsedIn" Val="synthesis"/>
        <Attr Name="UsedIn" Val="simulation"/>
      </FileInfo>
    </File>
    <File Path="$PSRCDIR/sources_1/imports/i2s_audio/i2s_ctrl.vhd">
      <FileInfo>
        <Attr Name="ImportPath" Val="$PPRDIR/../../../sources/lab4/zed_audio_ctrl/zed_audio_ctrl.srcs/sources_1/imports/i2s_audio/i2s_ctrl.vhd"/>
        <Attr Name="ImportTime" Val="1374686730"/>
        <Attr Name="UsedIn" Val="synthesis"/>
        <Attr Name="UsedIn" Val="simulation"/>
      </FileInfo>
    </File>
    <Config>
      <Option Name="DesignMode" Val="RTL"/>
      <Option Name="TopModule" Val="i2s_ctrl"/>
      <Option Name="TopAutoSet" Val="TRUE"/>
    </Config>
  </FileSet>
  <FileSet Name="constrs_in" Type="Constrs" RelSrcDir="$PSRCDIR/constrs_1">
    <Filter Type="Constrs"/>
    <Config>
      <Option Name="ConstrsType" Val="XDC"/>
    </Config>
  </FileSet>
  <Strategy Version="1" Minor="2">
    <StratHandle Name="Vivado Synthesis Defaults" Flow="Vivado Synthesis 2013">
      <Desc>Vivado Synthesis Defaults</Desc>
    </StratHandle>
    <Step Id="synth_design"/>
  </Strategy>
</GenRun>
